Actual Sales,Predicted Sales,Difference
563.808,493.3520575694489,70.45594243055109
36.672,-26.429483712434603,63.1014837124346
37.3,-22.1621567705904,59.4621567705904
212.058,218.57034381802623,-6.512343818026238
171.288,165.88354786279933,5.404452137200678
99.136,111.52535702922523,-12.389357029225238
340.182,347.8091106901368,-7.62711069013676
17.38,-76.34873054689933,93.72873054689933
22.62,-21.98965078795277,44.60965078795277
71.632,420.24634407376084,-348.61434407376083
10.476,199.07580840695596,-188.59980840695596
76.92,81.45502477151513,-4.5350247715151255
20.86,198.06434188935555,-177.20434188935553
431.976,441.85419830119395,-9.878198301193947
307.98,461.6908586944767,-153.71085869447666
121.792,129.39085784633403,-7.5988578463340275
61.96,22.348219591495308,39.61178040850469
8.8,75.29608675769191,-66.49608675769191
4.536,211.03212750560874,-206.49612750560874
12.864,294.56548846708847,-281.7014884670885
1123.92,764.9796990390795,358.9403009609206
30.36,94.9753142425759,-64.6153142425759
91.59,72.91936842605037,18.670631573949635
41.96,-9.902697482891199,51.8626974828912
30.56,-35.73756514610545,66.29756514610546
27.992,-32.73114462780677,60.723144627806775
60.12,305.26686552281194,-245.14686552281194
25.344,35.12388874197222,-9.779888741972222
15.96,-68.24595655110625,84.20595655110625
179.97,194.932364791071,-14.962364791070996
756.8,617.5930983178698,139.20690168213014
44.856,159.3254398084939,-114.46943980849392
89.98,71.01104678401794,18.96895321598207
12.99,-81.1178967414628,94.1078967414628
7.92,83.3755555020432,-75.4555555020432
17.94,-9.835468485770662,27.775468485770663
1097.544,749.841107308887,347.7028926911131
122.136,107.89156968018506,14.244430319814938
393.568,342.6778055136981,50.89019448630188
56.784,177.8539205154043,-121.0699205154043
23.832,3.5611943329399764,20.270805667060024
17.48,90.62678807838438,-73.14678807838438
55.92,118.71172827167356,-62.79172827167356
479.97,557.6827940144849,-77.71279401448487
88.832,103.63068234923571,-14.798682349235719
3.62,-90.70808814837596,94.32808814837597
20.7,-71.70403780250945,92.40403780250945
8.56,-79.71684319043084,88.27684319043084
1294.75,1065.7439487177796,229.00605128222037
11.76,27.461858666613352,-15.701858666613353
4548.81,2810.0972673206106,1738.7127326793898
31.248,184.4058266698894,-153.1578266698894
138.0,159.3881487908484,-21.38814879084839
971.5,805.3807573796095,166.11924262039054
19.05,-18.184419627661782,37.23441962766178
13.52,-65.49528460615261,79.0152846061526
259.98,374.4304371960304,-114.4504371960304
61.96,5.893258186838693,56.06674181316131
555.21,509.99982031305046,45.21017968694957
10.584,-24.71910266471741,35.303102664717414
17.12,25.803176655716697,-8.683176655716697
23.85,89.78736324598572,-65.93736324598572
26.032,-46.16691453133535,72.19891453133535
32.064,136.39673894965267,-104.33273894965268
47.94,26.281122927661727,21.65887707233827
154.9,183.99977381346207,-29.099773813462065
9.344,-73.8377789036906,83.1817789036906
14.13,-10.573070581598358,24.70307058159836
207.846,205.89175510572204,1.9542448942779629
90.48,63.38610147464419,27.09389852535581
2.724,-5.647761414858223,8.371761414858224
523.26,526.2396716332281,-2.979671633228122
72.6,131.89598929645558,-59.29598929645559
8.56,-74.04779441753021,82.60779441753022
3.76,-94.67380284804904,98.43380284804904
595.38,551.3985449428543,43.981455057145695
1669.6,1476.0702950648836,193.52970493511634
13.776,196.84606560319844,-183.07006560319843
22.72,27.92870297798504,-5.208702977985041
483.136,439.2675216703269,43.86847832967311
124.792,291.3566314462246,-166.56463144622458
367.96,334.4561256259574,33.503874374042596
6.48,-119.71921585876521,126.19921585876521
61.44,28.8112573706112,32.628742629388796
49.568,-15.541809072533397,65.1098090725334
604.768,557.4964876222845,47.27151237771557
659.168,591.1410204741181,68.02697952588187
233.058,235.1730727369345,-2.1150727369345077
227.976,240.3656938843435,-12.389693884343501
603.92,500.33138919049384,103.58861080950612
2244.48,1437.168699283918,807.3113007160821
65.17,199.12011724430295,-133.95011724430293
38.88,152.4713970378034,-113.5913970378034
12.39,-35.433329697887075,47.823329697887075
20.736,31.51216864753428,-10.77616864753428
12.84,-24.503340145388847,37.34334014538885
221.55,224.68315214658787,-3.133152146587861
90.882,176.25079413627304,-85.36879413627304
81.92,85.65275562127044,-3.7327556212704422
449.1,303.7134822243861,145.38651777561392
67.9932,109.90967713204873,-41.916477132048726
29.808,-31.802062255787632,61.61006225578763
48.712,33.43230338431749,15.27969661568251
2567.84,1589.9727175711075,977.8672824288926
2573.82,1506.1793326579343,1067.6406673420659
470.376,511.8013607524874,-41.42536075248745
194.848,198.37529287249572,-3.527292872495707
60.312,41.27709119849078,19.034908801509218
15.232,-90.81692044899069,106.04892044899069
14.94,-37.58452961930857,52.52452961930857
26.8,-43.106888003703716,69.90688800370371
144.12,138.97374398981037,5.1462560101896315
7.52,48.58620892612339,-41.066208926123394
231.92,232.6068546781853,-0.6868546781853127
89.97,69.21500456820422,20.754995431795777
8.448,-84.22799808098648,92.67599808098649
863.928,636.5442615253452,227.38373847465482
77.728,57.90759371335412,19.820406286645877
139.93,252.7559017676881,-112.8259017676881
25.344,138.7993150568759,-113.45531505687592
7.24,83.90362445677192,-76.66362445677193
23.84,242.83871687315968,-218.99871687315968
105.584,95.44993296033249,10.134067039667514
310.12,456.54585807567946,-146.42585807567946
7.98,-122.112726914213,130.092726914213
411.332,371.71427366896114,39.61772633103885
630.024,495.77561633904475,134.24838366095526
36.624,-10.749478134211813,47.373478134211815
204.95,232.37565022246372,-27.42565022246373
10.56,-68.960762305549,79.520762305549
589.9,960.6814733198289,-370.78147331982893
96.53,227.63474313693314,-131.10474313693314
97.98,88.61033144963062,9.369668550369383
7.78,-75.13744742533913,82.91744742533913
5.248,-58.851862086974734,64.09986208697474
47.04,11.368168567687235,35.671831432312764
3347.37,1585.1311066165963,1762.2388933834036
34.504,-6.910265663301971,41.41426566330197
15.76,-51.26832475004335,67.02832475004335
13.92,-16.447145692614413,30.367145692614415
33.8,95.38329907806838,-61.58329907806838
333.576,348.146063988107,-14.570063988106995
265.86,326.1653441620574,-60.305344162057395
43.57,14.833862281235952,28.73613771876405
232.55,236.33110849461173,-3.781108494611715
124.2,112.57662917020684,11.62337082979316
10.384,-58.96620664962302,69.35020664962302
465.16,740.517852481659,-275.357852481659
29.472,-9.748754719154931,39.22075471915493
71.96,133.30070118719095,-61.34070118719096
1071.576,757.1046956650456,314.4713043349544
285.48,268.2667852569234,17.213214743076605
86.304,187.02712639229412,-100.72312639229412
11.088,210.51521119443305,-199.42721119443306
29.79,-3.5771355951376336,33.36713559513763
124.2,120.95049665363922,3.2495033463607825
58.58,12.551014300540373,46.028985699459625
12.18,184.47593045832195,-172.29593045832195
16.896,36.92108668389392,-20.025086683893917
859.2,691.097889670625,168.10211032937502
74.112,269.8166686669383,-195.70466866693832
29.34,-45.441770976048474,74.78177097604848
49.848,21.6658008675754,28.1821991324246
86.352,75.85554255463126,10.496457445368748
4158.912,2096.9064142415414,2062.005585758459
6.464,-84.20150899585656,90.66550899585656
8.226,10.480100596858392,-2.2541005968583914
64.864,85.24844388254587,-20.384443882545867
74.0,111.67035633356113,-37.67035633356113
520.464,783.3502863368177,-262.88628633681765
1.744,-121.95093909435923,123.69493909435923
9.84,-82.37469478405524,92.21469478405524
123.256,252.27445912804365,-129.01845912804365
200.795,542.233469561853,-341.438469561853
88.752,71.47114640668019,17.280853593319804
22.24,-44.92075579241123,67.16075579241122
79.36,88.2419488568803,-8.8819488568803
5.248,-70.23543689620305,75.48343689620306
32.432,-37.84002745363978,70.27202745363978
3.318,-33.960305965754515,37.27830596575451
194.352,186.88523117974273,7.466768820257272
10.272,-16.667139801902522,26.93913980190252
11.36,16.189038255140986,-4.829038255140986
7.04,14.58701186262033,-7.547011862620329
479.984,737.3931229000538,-257.4091229000538
15.552,-17.36181420615094,32.91381420615094
19.76,26.42353764709219,-6.663537647092188
16.821,22.334172588399042,-5.513172588399041
129.3,142.75623443906625,-13.456234439066236
590.058,239.06824582840545,350.98975417159454
29.372,247.23515447683803,-217.86315447683802
61.02,28.258338043723143,32.76166195627686
66.03,52.49571957489047,13.534280425109529
12.48,-81.9469981429936,94.42699814299361
20.808,-22.543516844654505,43.351516844654505
102.3,380.14490720678805,-277.84490720678804
150.408,337.62262855621043,-187.21462855621044
283.92,273.47263527025484,10.447364729745175
485.94,711.2790070728398,-225.33900707283982
1.64,-139.10987062543882,140.7498706254388
2803.92,1960.0285731958008,843.8914268041992
128.058,111.40306378382002,16.654936216179976
116.76,263.2607008435382,-146.5007008435382
6.08,-71.57609431611831,77.65609431611831
159.98,204.62376595471596,-44.643765954715974
64.96,26.81369425285584,38.146305747144154
470.302,373.6424160674319,96.65958393256813
167.86,218.1839363948484,-50.323936394848374
61.4,116.2076281043137,-54.8076281043137
79.14,58.408224445998485,20.731775554001516
665.88,533.5324667560449,132.34753324395513
95.68,267.97535351557804,-172.29535351557803
1088.792,341.0994756794091,747.6925243205908
16.56,-61.07550357572791,77.63550357572791
104.97,87.42916730589127,17.54083269410873
62.18,71.8125111276704,-9.632511127670405
2249.91,1302.2367812105674,947.6732187894324
209.7,296.2177779649169,-86.51777796491689
6.16,-87.25694861741317,93.41694861741317
22.96,190.55428116967846,-167.59428116967845
773.94,630.6219361450617,143.31806385493837
15.528,-31.40597620331232,46.93397620331232
556.665,453.19741354060443,103.46758645939553
7.04,-82.41295208479869,89.4529520847987
10.272,-11.058346972472691,21.33034697247269
23.992,39.874472934051255,-15.882472934051254
39.264,8.398108071613933,30.86589192838607
357.93,382.3122648482879,-24.38226484828789
5.304,-25.1562396790996,30.4602396790996
48.81,13.585908419054022,35.22409158094598
16.496,-51.09787649126747,67.59387649126747
37.2,86.6561697896725,-49.4561697896725
33.36,47.36882227969727,-14.00882227969727
31.104,127.66223903082073,-96.55823903082073
225.576,226.02387839201174,-0.44787839201174506
16.74,-38.49896785180931,55.238967851809306
122.97,124.88137315219092,-1.9113731521909187
466.32,510.44168918969,-44.12168918969002
386.34,577.588615718489,-191.24861571848902
572.8,896.7330864057805,-323.9330864057805
161.568,186.96137720237925,-25.39337720237924
9.912,-16.993628440119892,26.90562844011989
9.552,-30.47097003867293,40.02297003867293
37.312,60.95241268339623,-23.640412683396235
12.96,-73.31795244736554,86.27795244736555
21.72,32.81056153462214,-11.09056153462214
116.832,125.44115927958728,-8.609159279587288
241.96,329.34193165657325,-87.38193165657324
8.69,145.92705553642827,-137.23705553642827
15.984,-69.39181571314202,85.37581571314202
20.62,-51.147830558549,71.76783055854901
6.68,-79.8900432492917,86.5700432492917
22.5,135.88007886336845,-113.38007886336845
41.4,47.80316776462473,-6.403167764624733
4.836,36.4816766598326,-31.645676659832603
13.272,269.04668334485814,-255.77468334485815
399.95,382.4466349197428,17.503365080257197
142.8,355.70029962300964,-212.90029962300963
12.536,-101.14333381850543,113.67933381850543
19.44,-8.300080240149782,27.740080240149783
772.68,714.0027538655119,58.67724613448809
3.424,-121.33480126552968,124.75880126552968
31.008,-41.61112358358241,72.61912358358241
2.624,-130.26935906489734,132.89335906489734
39.92,93.34124486370774,-53.42124486370774
49.632,68.85355649659914,-19.221556496599142
99.28,88.92663121167107,10.353368788328936
1126.02,1255.4167395818522,-129.39673958185222
5.344,47.436065681640684,-42.09206568164068
6.316,-45.750679440509884,52.06667944050989
143.952,149.93749280599604,-5.985492805996046
801.6,478.7786807764917,322.82131922350834
199.96,196.3467006562364,3.6132993437636003
7.98,-34.01284067174538,41.992840671745384
17.34,-27.295212711119575,44.63521271111958
646.74,563.3650122961092,83.37498770389084
41.86,200.80466924521647,-158.94466924521646
47.984,-15.303703936164538,63.28770393616454
158.368,262.02378340741484,-103.65578340741484
11.96,-73.02971053617807,84.98971053617808
50.12,206.59268421513366,-156.47268421513365
29.46,141.19311710530133,-111.73311710530132
249.95,250.63190791976467,-0.6819079197646829
191.96,259.9899962954278,-68.02999629542776
18.264,-28.328592446850962,46.59259244685096
23.952,-43.638763719746976,67.59076371974697
11.808,271.44466511579026,-259.63666511579027
496.86,434.8344440044468,62.02555599555319
359.98,546.0414663110769,-186.06146631107686
50.94,14.344767034456027,36.59523296554397
619.95,524.9186925342658,95.03130746573424
318.08,306.9930938372654,11.086906162734579
279.96,282.7621785648039,-2.80217856480391
31.44,7.094883375025574,24.345116624974427
362.92,557.3785208790861,-194.45852087908605
167.968,178.530256279995,-10.562256279995012
10.608,134.23556420777072,-123.62756420777072
480.96,434.7758702338424,46.18412976615758
4.768,-70.75673460316352,75.52473460316352
2.78,-135.72707788095568,138.50707788095568
10.56,-78.91504509763081,89.47504509763081
3.304,-127.14505533928718,130.44905533928718
10.272,-53.46856384743137,63.74056384743137
20.16,177.2810772632065,-157.1210772632065
17.616,74.03121255467317,-56.415212554673175
974.988,823.7716090400359,151.2163909599642
16.0,30.34554744369916,-14.34554744369916
705.544,546.5754587655958,158.96854123440414
8.72,72.33467771624919,-63.61467771624919
95.92,271.43808936336404,-175.51808936336403
18.84,-17.079807034733903,35.91980703473391
87.92,94.49010969131587,-6.570109691315864
5.76,-90.97892514004866,96.73892514004866
11.68,-60.67554435757165,72.35554435757166
40.88,190.45735802425475,-149.57735802425475
12.032,194.45728265860907,-182.42528265860906
345.0,335.6109399369068,9.389060063093211
109.92,105.65185468539175,4.2681453146082475
7.712,-76.48249765992364,84.19449765992364
4.896,-33.34289098932754,38.238890989327544
25.98,-48.597917918862095,74.5779179188621
52.272,400.24323007233306,-347.97123007233307
12.84,-20.31495868499178,33.15495868499178
33.04,247.80031242977702,-214.76031242977703
141.96,159.34361771215026,-17.383617712150254
333.999,350.88940112222963,-16.890401122229605
122.382,120.03311788893575,2.348882111064256
45.528,23.03822935049925,22.48977064950075
123.088,255.11606047894497,-132.02806047894498
5.48,-83.06121263516002,88.54121263516002
58.08,77.54952292081907,-19.469522920819074
572.58,472.5504028714495,100.02959712855056
0.984,-16.87157813779163,17.855578137791632
20.97,-8.029395982096275,28.999395982096274
36.4,93.77442893921238,-57.374428939212386
44.4,10.946186610764471,33.45381338923553
16.56,29.815556289450797,-13.255556289450798
348.84,446.33025347085663,-97.49025347085666
192.16,216.84340749705848,-24.683407497058482
102.93,86.08545075208576,16.844549247914244
1.584,-80.04700986519424,81.63100986519424
9.328,-92.89465287130793,102.22265287130793
226.2,246.41910965722536,-20.219109657225374
16.38,290.19153886407844,-273.81153886407844
46.2,67.23883171063335,-21.038831710633346
39.92,52.20099866519513,-12.280998665195128
5.56,-68.83171483354886,74.39171483354886
12.144,-23.53362484925674,35.67762484925674
2249.91,1311.9422259842029,937.967774015797
13.11,-17.04584260118486,30.155842601184858
523.48,508.5720239504951,14.907976049504896
7.3,-70.95005875980723,78.25005875980723
156.3728,181.6725026465274,-25.29970264652738
105.52,108.27861309238779,-2.7586130923877903
108.784,110.53726664144779,-1.7532666414477802
71.952,172.42561365373103,-100.47361365373104
154.9,186.3954527530252,-31.495452753025205
2399.96,1971.0498553081777,428.9101446918223
187.76,204.18891584722655,-16.428915847226563
41.24,99.35140781235714,-58.111407812357136
15.28,-78.73426318994916,94.01426318994916
47.96,106.07193076402245,-58.11193076402245
19.92,30.081033724323333,-10.161033724323332
323.1,481.77336444492687,-158.67336444492685
20.56,-59.94355931342261,80.50355931342261
126.3,115.0908504628926,11.209149537107393
21.12,84.42785239188515,-63.30785239188515
30.44,-40.05303984234524,70.49303984234524
5.16,-80.60024979729087,85.76024979729087
43.68,145.72307048200196,-102.04307048200195
15.24,-20.1988139068917,35.4388139068917
389.056,363.8224302604831,25.233569739516895
97.82,79.8446726980194,17.9753273019806
2.97,-112.21046560373338,115.18046560373338
180.98,478.927000301876,-297.94700030187596
100.0,107.03985451716744,-7.039854517167441
575.92,906.271874562942,-330.35187456294204
2.032,-97.32350538246669,99.35550538246669
269.9,263.8709029491058,6.0290970508941655
17.94,-15.533460538779309,33.47346053877931
71.984,40.74552743682307,31.238472563176927
154.9,180.15464727998597,-25.25464727998596
26.4,87.24962580664237,-60.84962580664237
27.696,10.591457573909338,17.104542426090664
117.144,320.6350175871273,-203.49101758712732
15.552,-12.134535299765957,27.686535299765957
63.552,39.3652443609335,24.186755639066497
29.95,90.2653620845415,-60.31536208454149
35.04,59.960143095179774,-24.920143095179775
171.96,217.47667321229937,-45.51667321229937
58.248,314.91796969873826,-256.66996969873827
34.248,-0.9339457049561588,35.181945704956156
245.94,294.55029448299524,-48.61029448299524
61.04,70.59062705937617,-9.550627059376176
6.0,-82.588809861772,88.588809861772
18.176,-74.74143474357857,92.91743474357857
68.81,157.24953579002158,-88.43953579002158
8.016,-14.153198374833664,22.169198374833663
43.56,24.07686911607084,19.483130883929164
321.568,467.72633340071593,-146.15833340071595
25.92,29.510439678422017,-3.5904396784220154
108.72,141.67790340934562,-32.95790340934562
91.96,140.75737622188103,-48.79737622188104
34.08,133.58177210159442,-99.50177210159443
67.8,91.96410330481012,-24.164103304810126
302.94,324.7834200678053,-21.84342006780531
4.896,11.117940128589453,-6.221940128589453
241.568,329.8709818206198,-88.3029818206198
1218.735,869.5113213085775,349.2236786914224
197.05,287.7601428573346,-90.71014285733457
349.95,337.2660642071444,12.683935792855607
45.248,-5.7773206869676414,51.02532068696764
51.8,51.84417313394124,-0.04417313394124278
2519.958,1315.976296806222,1203.981703193778
47.984,5.250290800041057,42.733709199958945
5.432,23.302697795541235,-17.870697795541233
140.736,145.7940746058207,-5.058074605820707
34.236,70.96902930245142,-36.73302930245142
140.736,300.0377834949927,-159.30178349499272
31.44,3.7443540814408607,27.69564591855914
134.85,117.86629136018564,16.983708639814353
31.128,-2.1517383416526172,33.27973834165262
95.2,149.46820831857053,-54.26820831857053
25.472,35.38716730878855,-9.915167308788547
29.6,-47.06849806596529,76.66849806596528
179.9,201.49388284699148,-21.593882846991477
25.584,-41.26312515334871,66.84712515334871
21.93,-9.434702112326931,31.36470211232693
10.78,145.91810553528717,-135.13810553528717
7.36,-84.50029200378162,91.86029200378162
51.84,354.90207242554834,-303.0620724255483
24.1,75.79475283648867,-51.69475283648867
8.784,-124.70829672198693,133.49229672198692
37.32,13.90361089439125,23.41638910560875
40.98,151.51696906832285,-110.53696906832286
286.86,328.5196259639938,-41.65962596399379
881.93,682.6319622381468,199.29803776185315
62.31,35.26202106707092,27.047978932929084
127.104,206.26458575792776,-79.16058575792776
23.67,-4.247407378946491,27.917407378946493
35.97,1.1965146276543237,34.773485372345675
161.94,152.2928556107795,9.6471443892205
51.45,18.325597293432793,33.12440270656721
32.4,79.58240829122406,-47.18240829122406
10.688,-66.90132670142111,77.58932670142111
3.564,31.841231258146536,-28.277231258146536
5.58,-29.03648590098669,34.61648590098669
799.92,680.6908428527446,119.22915714725536
4.92,-35.913089616444495,40.8330896164445
10.98,-106.28895343108411,117.26895343108411
11.76,-84.03758540455397,95.79758540455397
35.0,43.70402467210124,-8.70402467210124
1.788,38.701778461766935,-36.91377846176694
21.93,-14.715339163107728,36.64533916310773
35.36,-10.978356330590714,46.33835633059071
219.075,196.62508886649016,22.44991113350983
9.708,7.3734970735690695,2.3345029264309307
130.71,109.79509803675364,20.914901963246365
2575.944,1506.5662018380785,1069.3777981619214
98.112,237.28089586759324,-139.16889586759325
14.368,-64.70146209986683,79.06946209986683
3.882,36.35862391219257,-32.47662391219257
39.128,12.559241308960964,26.568758691039037
2735.952,1777.871544907181,958.0804550928192
5.584,-56.29396570815129,61.877965708151294
1.524,-7.585701774861263,9.109701774861264
892.224,1000.0349795249524,-107.81097952495236
2054.272,1180.1656748770247,874.1063251229752
7.56,-32.06485927947551,39.624859279475515
14.07,175.59247178033547,-161.52247178033548
254.352,265.10009766240546,-10.748097662405456
31.86,-36.96138770077596,68.82138770077596
51.016,210.5782252322863,-159.5622252322863
275.058,279.6855641122538,-4.627564112253822
723.92,689.6530892854842,34.2669107145158
38.34,5.585088970861079,32.754911029138924
131.94,121.62232725385184,10.317672746148162
12.832,-71.44472979644934,84.27672979644933
957.5775,601.5251843689025,356.0523156310975
31.168,44.91147442817987,-13.743474428179873
542.94,625.4208247697775,-82.48082476977743
895.92,777.4142830598364,118.50571694016355
8.856,347.8743110797018,-339.0183110797018
32.48,-31.890054851525747,64.37005485152574
35.4,106.28073144351674,-70.88073144351674
18.496,236.20802220174596,-217.71202220174595
148.02,149.26463422045163,-1.2446342204516156
7.89,-99.93379143601487,107.82379143601487
242.352,252.34931499210848,-9.997314992108471
15.552,-24.186734733360026,39.738734733360026
15.936,36.017921383575185,-20.081921383575185
152.91,151.01963514828276,1.8903648517172371
15.8,28.281247708701812,-12.481247708701812
203.976,197.20595412398006,6.770045876019935
37.408,187.91078146161,-150.50278146160997
503.96,422.3883454091124,81.57165459088759
116.4,288.95593142714324,-172.55593142714324
20.736,26.034350316029304,-5.298350316029303
12.294,-65.11147397656828,77.40547397656827
226.56,271.6675038553444,-45.10750385534442
268.935,225.71539937988314,43.219600620116864
30.48,-3.7059151598723474,34.18591515987235
99.87,74.30749188647064,25.56250811352936
147.184,172.8769674268185,-25.692967426818512
11.52,26.452844434752933,-14.932844434752933
83.36,155.89387096475616,-72.53387096475616
1799.994,2055.457621790467,-255.46362179046696
22.848,30.40968405869694,-7.56168405869694
182.72,326.4352042873893,-143.7152042873893
15.232,34.24648949842867,-19.014489498428674
71.976,51.2015503526809,20.774449647319102
4.36,-92.07228073003694,96.43228073003694
8.856,-24.64887206932599,33.50487206932599
214.7,238.64555195910862,-23.945551959108627
221.024,275.2346425368644,-54.210642536864384
17.12,30.81567239182732,-13.695672391827319
254.24,312.31094754097103,-58.07094754097102
119.04,196.96751456965285,-77.92751456965284
85.056,59.81171979731653,25.24428020268347
40.776,30.567444442092892,10.208555557907111
105.52,157.23162716500224,-51.71162716500224
122.352,110.86099094017754,11.49100905982246
50.0,11.155064437785313,38.84493556221469
19.05,77.7864371425253,-58.736437142525304
220.776,208.00522781936297,12.770772180637039
37.764,166.58394221130652,-128.8199422113065
31.104,135.87608606366734,-104.77208606366735
27.936,42.44623498256533,-14.51023498256533
11.232,267.77179179248105,-256.5397917924811
11.84,-104.51160032294365,116.35160032294365
8.67,-34.18886136293645,42.85886136293645
8.62,-113.31357081712667,121.93357081712668
9.24,-32.5954801008063,41.8354801008063
38.6,53.77029510610282,-15.17029510610282
45.36,204.93586896715874,-159.57586896715873
383.64,379.3099361676441,4.330063832355904
54.528,31.852443249760654,22.675556750239345
43.176,-2.970109629528679,46.14610962952868
319.984,484.718601931751,-164.734601931751
63.68,250.68095775154006,-187.00095775154006
3.52,-80.5955697040265,84.1155697040265
19.98,-86.26172041286941,106.24172041286941
440.91,489.99092008297646,-49.080920082976434
727.296,497.8518704048114,229.44412959518866
10.56,-73.65189290072317,84.21189290072317
21.248,35.10512758154141,-13.857127581541409
7.31,-127.38179477283575,134.69179477283575
29.8,95.68863687209227,-65.88863687209228
21.12,36.03457938220345,-14.914579382203446
88.04,123.19319118052658,-35.153191180526576
431.136,454.82993564615504,-23.693935646155012
129.3,147.32693306369833,-18.026933063698323
3.76,-93.90613335909143,97.66613335909143
17.34,-16.433747577588974,33.77374757758898
6.48,-119.39607705502272,125.87607705502272
1679.96,1245.0091586898811,434.9508413101189
7.27,-119.21366902629939,126.48366902629938
12.96,-87.43215397112408,100.39215397112409
25.92,36.513173296374134,-10.593173296374133
106.32,73.0381806718076,33.2818193281924
194.32,207.05692593449226,-12.736925934492263
1297.368,802.4948637397283,494.8731362602716
12.224,-70.22726540340636,82.45126540340637
65.79,308.9678601655021,-243.17786016550207
219.84,242.33850635504632,-22.498506355046317
63.936,273.32491684338675,-209.38891684338674
839.43,990.8934129095067,-151.4634129095067
20.736,32.668643289282954,-11.932643289282954
39.296,59.83690229179956,-20.54090229179956
2.304,-129.16969960993333,131.47369960993333
10.688,-84.85239647748449,95.54039647748449
528.43,426.76414571177065,101.6658542882293
468.9,454.28719960178273,14.612800398217246
11.264,245.2565491313917,-233.99254913139168
1.44,-157.8554606310156,159.2954606310156
53.2,115.16002428483262,-61.96002428483261
9.48,-110.2821973525165,119.76219735251651
5.5,-114.78190831283791,120.28190831283791
17.856,43.868993687555985,-26.012993687555984
22638.48,12171.893519332632,10466.586480667367
797.944,677.2377795737656,120.70622042623438
79.4,135.24791633553536,-55.84791633553536
12.96,-74.13181095111827,87.09181095111828
171.04,170.29649543331857,0.7435045666814233
147.568,164.81714730677163,-17.24914730677162
150.384,175.35874799335193,-24.97474799335194
7.104,-118.67471182924464,125.77871182924464
5.193,-3.2765702220383446,8.469570222038344
74.352,54.45516917897908,19.896830821020927
70.368,41.2764699300767,29.091530069923294
9.088,21.57097492072853,-12.482974920728532
2793.528,1674.6407271559679,1118.887272844032
26.72,-54.14784486888993,80.86784486888993
58.48,245.87386815951754,-187.39386815951755
261.96,372.76866113860024,-110.80866113860026
203.92,215.29133243258593,-11.371332432585945
58.112,20.26912196981857,37.84287803018143
6.79,-126.30012018390607,133.09012018390607
1432.0,1079.7265434935775,352.27345650642246
122.352,104.68164074762558,17.670359252374425
129.93,126.29055772557672,3.6394422744232884
85.246,70.43986107660635,14.806138923393647
747.558,785.331373593664,-37.77337359366402
22.608,21.626988335654005,0.9810116643459956
479.976,568.6984670804836,-88.72246708048363
81.96,65.73808200178473,16.22191799821526
517.405,406.0013823444149,111.4036176555851
307.776,358.66042767660656,-50.88442767660655
18.288,132.2472843640778,-113.95928436407782
78.304,40.31846070223446,37.98553929776554
75.0,58.98424843620796,16.015751563792037
173.94,169.7578236394993,4.182176360500705
415.968,394.63437672817236,21.333623271827662
7.92,76.10798520222443,-68.18798520222443
0.836,-70.091088740734,70.92708874073399
99.54,78.55418681867855,20.98581318132146
1.192,-3.3013647722975747,4.493364772297575
47.3,-16.82473975714197,64.12473975714197
3.488,-69.10274596757927,72.59074596757927
11.52,61.178914424553795,-49.6589144245538
33.282,42.35946814783483,-9.077468147834836
9.344,-64.60694197589373,73.95094197589373
20.7,-57.74310919132881,78.44310919132882
74.352,52.167108342124266,22.18489165787574
47.976,31.674429979216256,16.301570020783743
6.56,-77.61719485268873,84.17719485268873
735.98,1266.3955599479411,-530.4155599479411
18.92,34.37550330216209,-15.455503302162086
159.98,190.928987696175,-30.94898769617501
532.72,822.8301072920748,-290.11010729207476
40.74,24.00689552758081,16.733104472419193
81.96,62.42713775909215,19.532862240907846
7.64,-124.34717544922682,131.9871754492268
254.352,272.3298484616016,-17.97784846160161
87.168,70.35518963826507,16.812810361734932
801.568,1268.8627123949104,-467.29471239491045
361.376,534.46651088269,-173.09051088269007
79.9,45.54530060237062,34.35469939762939
30.144,-33.610886053988224,63.75488605398822
59.94,29.54924972354729,30.390750276452707
14.78,-68.11945125598572,82.89945125598572
174.95,199.99028665154992,-25.040286651549934
43.28,20.56001492338737,22.71998507661263
124.41,121.81820885425032,2.5917911457496814
540.048,568.6115876377124,-28.56358763771243
144.784,345.2372960877135,-200.4532960877135
89.97,58.85239291554399,31.11760708445601
99.136,112.27084926302405,-13.134849263024051
11.52,14.275668914622656,-2.7556689146226567
12.192,-19.753429993970485,31.945429993970485
5.46,-22.251091920149065,27.711091920149066
139.92,170.12589755441854,-30.205897554418556
38.88,136.53367848337234,-97.65367848337235
756.8,616.6780635718505,140.1219364281494
91.36,99.27154728307323,-7.911547283073233
10.43,257.5911064487907,-247.1611064487907
52.96,13.693892627944251,39.26610737205575
238.896,255.48473286926765,-16.58873286926766
29.9,79.63883504857131,-49.73883504857131
21.88,91.43828438219066,-69.55828438219066
625.99,2037.2083429503957,-1411.2183429503957
23.16,110.64293867800939,-87.48293867800939
30.672,11.083888416959553,19.588111583040448
279.86,636.4576985989283,-356.59769859892833
7.56,138.74066166885927,-131.18066166885927
10.08,175.2828702316517,-165.2028702316517
8.36,-86.81228975630029,95.17228975630029
2624.985,2596.444793875755,28.540206124245287
47.36,52.36724962401627,-5.007249624016268
7.872,-11.28398537802218,19.15598537802218
74.416,54.000718588116115,20.415281411883882
16.14,-24.131827473733665,40.271827473733666
599.9,598.1932239277289,1.7067760722710545
1499.95,1235.249657448469,264.7003425515311
63.312,42.17226722172563,21.139732778274364
19.44,-24.520313364082313,43.96031336408231
33.75,83.09507601444557,-49.34507601444557
397.6,366.8569974882373,30.74300251176271
18.504,-21.53356659151177,40.037566591511776
43.92,92.84576506011854,-48.925765060118536
14.94,-22.0192685349582,36.9592685349582
73.98,42.52780644974655,31.452193550253455
8.288,-75.71927725289493,84.00727725289492
17.024,-46.2123705010124,63.2363705010124
81.088,229.8660410382456,-148.77804103824562
73.536,86.83079359706062,-13.294793597060618
30.53,-45.30059098384254,75.83059098384254
165.6,157.49387221026973,8.106127789730266
122.97,101.7588489765617,21.211151023438305
22.83,-21.978803102426355,44.80880310242635
177.536,189.6574295429998,-12.121429542999806
38.976,20.1385842033892,18.8374157966108
6.912,-30.586108069419424,37.49810806941942
11.84,39.05621193318893,-27.216211933188934
1403.92,1050.952636664284,352.9673633357161
9.32,36.73974104094623,-27.419741040946228
220.704,253.0042660587451,-32.30026605874508
16.52,78.54973058965311,-62.02973058965311
438.336,368.58901531614515,69.74698468385486
29.7,81.09346812734407,-51.393468127344065
4.095,7.56832883988136,-3.4733288398813604
6.6,-19.66085182464849,26.26085182464849
1088.76,842.1005506219427,246.65944937805727
3499.93,2198.9438019036033,1300.9861980963965
273.06,370.40847392184537,-97.34847392184537
35.52,9.321608332220194,26.19839166777981
18.936,-46.0342342200895,64.97023422008951
309.456,416.1040189461323,-106.64801894613231
64.96,28.050641203093846,36.90935879690615
12.96,-76.24573948077409,89.2057394807741
190.92,188.30380136017448,2.6161986398255124
51.45,32.93482851705835,18.515171482941653
140.97,133.47505080235942,7.4949491976405795
8.832,-11.870845343680912,20.702845343680913
6.368,-84.93692720139143,91.30492720139142
10.428,64.51883164328956,-54.09083164328956
179.94,185.89037922735588,-5.9503792273558815
59.96,115.76639437331323,-55.80639437331323
71.98,42.62153799930002,29.358462000699987
37.68,21.86551267957816,15.81448732042184
7.3,-81.38098635680376,88.68098635680376
61.96,21.374267156860924,40.58573284313908
9.656,-106.46838652134966,116.12438652134966
53.568,53.24926884837305,0.31873115162694887
168.624,339.2749049278291,-170.6509049278291
14.48,147.59034862399176,-133.11034862399177
33.02,-27.91395414231397,60.93395414231397
59.7,32.26767422310195,27.432325776898054
643.136,584.6165037175709,58.51949628242903
48.848,2.029645381443288,46.81835461855671
60.72,45.61451216439605,15.105487835603952
41.424,-14.703064980415775,56.127064980415774
256.784,742.809046925509,-486.02504692550906
5.04,-30.93461024085559,35.97461024085559
41.4,52.229542288027005,-10.829542288027007
271.9,391.6644394525915,-119.76443945259155
38.88,140.52588444181924,-101.64588444181925
18.16,71.52200011236687,-53.36200011236687
122.328,110.29548054873567,12.032519451264335
45.0,17.394105193678797,27.605894806321203
117.96,123.80728338507652,-5.847283385076523
12.96,-83.4088772369862,96.36887723698621
13.208,-103.20837892348936,116.41637892348936
211.04,340.40028441104096,-129.36028441104096
211.168,204.57116072350527,6.596839276494734
75.04,266.42986936519424,-191.38986936519422
172.764,219.38324192101368,-46.61924192101367
6.23,143.61525593784768,-137.3852559378477
348.56,401.9268836622432,-53.3668836622432
772.68,708.1112093733867,64.56879062661324
15.14,-85.38684592631535,100.52684592631535
317.058,328.71046931087335,-11.652469310873357
51.968,3.4589337824147606,48.50906621758524
18.24,-56.29278488448017,74.53278488448017
5.888,-58.21128074103831,64.09928074103831
23.128,203.9907256877775,-180.86272568777753
40.08,148.2529230192706,-108.17292301927061
319.968,306.155595219333,13.81240478066701
1793.98,3228.11175919131,-1434.1317591913098
1704.89,1170.4421949079804,534.4478050920197
63.84,259.4935244016142,-195.6535244016142
968.744,754.1473032142252,214.59669678577484
141.96,169.06732876658225,-27.107328766582242
51.52,125.85106611790275,-74.33106611790274
10.68,25.215909262683454,-14.535909262683454
40.41,275.6423126777197,-235.2323126777197
32.4,79.56759610985159,-47.167596109851594
32.4,87.3217926218797,-54.921792621879696
64.704,177.211771087721,-112.507771087721
7.78,-121.31928891730536,129.09928891730536
359.772,527.1398228041772,-167.36782280417725
46.53,22.870769140855145,23.659230859144856
45.36,187.5316363012596,-142.17163630125958
126.56,132.26923439941265,-5.709234399412651
21.4,77.38574162653913,-55.98574162653913
603.92,591.3849828165787,12.535017183421246
14.72,91.70456205291453,-76.98456205291453
2.96,-52.68599162568603,55.64599162568603
76.58,204.95870382429848,-128.3787038242985
173.656,272.5928795949676,-98.93687959496759
590.352,515.5559374139955,74.7960625860045
24.3,89.0542486245738,-64.7542486245738
298.116,301.52835046071687,-3.4123504607168798
17.088,31.917925298645287,-14.829925298645286
9.98,145.54689630887128,-135.5668963088713
34.74,8.75670452083682,25.983295479163182
19.14,-28.65201707741835,47.79201707741835
539.92,458.2296330501929,81.69036694980707
6.33,147.86299853740252,-141.5329985374025
16.23,-20.23542886473001,36.465428864730015
25.488,-40.43952119143705,65.92752119143705
70.98,113.62226206177388,-42.64226206177388
17.904,53.34113057290256,-35.43713057290256
286.93,344.5385835779232,-57.608583577923184
10.36,-83.37761543121292,93.73761543121292
305.01,418.70917207695106,-113.69917207695107
959.984,1635.111354056667,-675.1273540566671
25.696,-38.33035445467408,64.02635445467408
19.56,35.64410612984011,-16.084106129840112
14.76,-60.256499457063,75.016499457063
296.712,606.8797852947507,-310.16778529475073
9.96,-79.33153968294027,89.29153968294028
307.314,310.81677641455576,-3.50277641455574
38.864,131.89544673661385,-93.03144673661384
23.904,127.86955838350855,-103.96555838350855
258.528,351.76188692116693,-93.23388692116691
71.372,45.79307569518255,25.57892430481745
14.016,-15.416453234302935,29.432453234302933
11.952,-27.889823507628535,39.84182350762853
1458.65,1196.8581531492136,261.79184685078644
55.264,4.556987221579675,50.70701277842033
32.13,304.4820050527085,-272.3520050527085
50.96,195.92547143123443,-144.96547143123442
2.672,-132.5919997666133,135.2639997666133
5.98,-123.37511302164785,129.35511302164784
199.98,272.246839986487,-72.26683998648699
1.8,138.19243574825214,-136.39243574825213
15.42,-77.46443325728137,92.88443325728137
358.2,396.3249236286413,-38.124923628641284
266.352,212.92675497178766,53.425245028212316
17.96,13.415756303969829,4.544243696030172
360.38,549.5181857891622,-189.1381857891622
5.248,12.570453462730029,-7.322453462730029
1117.92,992.3576482407543,125.56235175924576
302.376,312.1507373605789,-9.77473736057891
1325.76,926.1246853869696,399.63531461303035
79.99,132.73774666566578,-52.74774666566579
34.86,-3.235081910493818,38.09508191049382
1322.93,941.5648500793873,381.3651499206128
2357.488,1622.7728960723455,734.7151039276544
1439.982,1505.3256926563656,-65.34369265636565
23.2,-47.13397873685949,70.33397873685949
5.84,-127.14483815083054,132.98483815083054
892.224,995.7349869838472,-103.51098698384715
11.36,-64.90432840741596,76.26432840741596
121.6,131.8459005995444,-10.245900599544399
109.92,98.50718601147832,11.412813988521677
9.84,-32.12066673629283,41.960666736292836
59.48,22.321772975414888,37.15822702458511
9.96,-107.84196289597548,117.80196289597549
981.372,1533.7725006060125,-552.4005006060125
45.84,243.6209312338599,-197.7809312338599
68.52,48.6592723312549,19.8607276687451
19.312,-47.7561903830067,67.0681903830067
562.2925,381.3041878748809,180.98831212511914
499.584,546.7510580561546,-47.167058056154644
5.94,-17.388727866501995,23.328727866501996
6.03,-37.217225224309004,43.247225224309005
105.584,105.9423798591647,-0.3583798591646996
10.95,-104.96409583393665,115.91409583393666
13.11,-13.710721014635055,26.820721014635055
763.28,589.1311176344589,174.1488823655411
24.0,-37.55380628660669,61.55380628660669
863.128,555.6102970147653,307.5177029852348
10.4,67.67963194729896,-57.27963194729896
241.332,239.43890813878284,1.8930918612171581
43.8,336.8492366237531,-293.0492366237531
19.44,-11.527883402057796,30.967883402057797
82.896,60.53730501421364,22.358694985786357
199.95,220.08519060525919,-20.135190605259197
3.048,-131.2963691603884,134.3443691603884
3357.6,3860.695153797859,-503.095153797859
69.008,41.489063298438396,27.5189367015616
38.97,16.730785687278058,22.23921431272194
403.56,399.942090934132,3.617909065867991
177.48,172.16813146888558,5.311868531114413
718.64,544.547654201454,174.09234579854603
4.77,-142.98865215787964,147.75865215787965
254.058,270.57244344578385,-16.514443445783854
699.93,575.824013993446,124.10598600655396
14.89,-80.76315674035845,95.65315674035845
85.52,52.07181749454185,33.44818250545815
563.024,630.4591010552815,-67.4351010552815
18.496,29.162625911396617,-10.666625911396618
23.84,37.8944360288624,-14.054436028862401
5.67,-25.41453975752711,31.08453975752711
428.68,391.077554275515,37.602445724484994
14.19,-20.079802821611793,34.26980282161179
47.616,23.962089126677938,23.65391087332206
3.96,-64.6645695629743,68.62456956297429
255.984,364.57164866683047,-108.58764866683046
8.78,-113.31016883025586,122.09016883025586
274.2,459.1508100855433,-184.9508100855433
765.625,374.0614514058277,391.5635485941723
177.98,145.9369554490006,32.04304455099938
7.56,140.81237009639358,-133.25237009639358
17.14,-64.45736919051865,81.59736919051865
13.48,-81.9036091343985,95.3836091343985
11.76,-71.55110874031925,83.31110874031926
2799.96,2266.4893281326085,533.4706718673915
15.552,-17.883954915498634,33.435954915498634
383.96,342.12060540463744,41.839394595362535
348.488,379.96916876036175,-31.481168760361754
88.96,279.58260809125136,-190.62260809125138
166.72,206.4188781494472,-39.69887814944721
80.58,173.50547815692335,-92.92547815692335
107.94,94.40250615140553,13.537493848594465
39.96,-22.285944153647733,62.245944153647734
18.528,189.1171802135757,-170.5891802135757
75.18,164.42957884466387,-89.24957884466386
61.4,107.31577143771779,-45.91577143771779
31.08,135.6086933034594,-104.5286933034594
39.96,58.60308275819489,-18.643082758194886
39.98,-12.826322276937617,52.806322276937614
71.976,50.88394789223912,21.09205210776088
11.36,-63.02940082718783,74.38940082718783
22.911,217.60731807062257,-194.69631807062257
283.14,283.167504352331,-0.027504352330993243
47.98,8.869769231438568,39.11023076856143
31.776,45.30700406331471,-13.531004063314708
10.496,29.585294955481686,-19.089294955481684
81.98,54.838192818923744,27.14180718107626
12.96,-67.20384718125547,80.16384718125548
25.92,33.570510804710466,-7.650510804710464
13.896,17.333073013358444,-3.437073013358443
108.96,105.5500221985692,3.4099778014307986
6.24,-91.37061163097951,97.6106116309795
10.528,16.061276716036218,-5.533276716036218
25.71,-6.2509449952112845,31.960944995211285
106.32,60.41844712654688,45.90155287345311
95.232,175.6535897584722,-80.42158975847221
1684.752,1148.5849525574313,536.1670474425687
29.04,-3.655954916035398,32.6959549160354
629.1,581.0621076669782,48.03789233302177
171.288,162.7093722344673,8.578627765532701
9.184,-62.26172327387508,71.44572327387507
3.444,-45.76294516585949,49.206945165859494
20.064,127.64414846219233,-107.58014846219234
27.384,192.7026109676549,-165.31861096765488
3.328,-83.30056180897782,86.62856180897782
59.52,28.463602056635636,31.056397943364367
49.08,27.84881304366013,21.23118695633987
35.91,20.496186672711474,15.413813327288523
369.544,368.3275709683571,1.2164290316428605
217.584,298.8458561014511,-81.26185610145109
10.368,-64.23427824836926,74.60227824836926
142.36,156.8406827344145,-14.480682734414472
383.952,362.36354972152685,21.588450278473147
205.92,192.84118456727674,13.078815432723246
4.448,-91.04272506709685,95.49072506709686
7999.98,5380.0884287412355,2619.891571258764
370.62,353.0737827169485,17.546217283051533
23.18,-46.36434190897535,69.54434190897535
51.312,38.59441015587004,12.71758984412996
60.864,73.13780431493615,-12.27380431493615
195.466,242.891949384506,-47.425949384506
28.752,0.6551458634269238,28.096854136573075
182.94,191.18621289390967,-8.246212893909671
3991.98,7346.281564566404,-3354.301564566404
523.25,479.886137249629,43.36386275037103
127.764,138.90572389111776,-11.141723891117763
13.76,-66.11505217501963,79.87505217501963
183.84,326.2586155889983,-142.41861558899828
104.58,190.09004083540913,-85.51004083540913
1013.832,697.7102275485472,316.1217724514528
99.136,104.75882072520312,-5.622820725203127
28.35,282.6969094073611,-254.3469094073611
8.448,-75.61769575425615,84.06569575425615
963.136,875.3910468399014,87.74495316009859
310.88,450.88970388157304,-140.00970388157305
69.93,209.067079949255,-139.137079949255
158.928,260.6260611766136,-101.69806117661358
48.576,34.25204740161348,14.32395259838652
147.184,161.6355662736828,-14.4515662736828
117.576,104.45323263573346,13.122767364266537
99.2,154.95842052435387,-55.758420524353866
2.214,3.267492893081908,-1.0534928930819079
282.84,264.6390042602609,18.200995739739085
53.04,26.56882542186554,26.47117457813446
41.4,40.49378777320135,0.906212226798651
26.7,-47.27042346128883,73.97042346128883
95.94,77.22143554277227,18.71856445722773
8.82,-93.71707645102879,102.53707645102878
43.512,215.38826093185457,-171.87626093185457
96.256,285.845171950353,-189.589171950353
50.32,61.23059004997458,-10.91059004997458
332.028,333.3669476148225,-1.338947614822473
12.96,-89.89789923771718,102.85789923771719
5.607,8.09143163826161,-2.4844316382616105
184.66,279.9052009511629,-95.2452009511629
4.3,-88.07411398447562,92.37411398447561
40.29,6.58607105838928,33.70392894161072
68.46,175.68344986089892,-107.22344986089892
528.43,433.7322474289292,94.69775257107074
158.928,268.7904442711615,-109.86244427116151
56.56,5.774140280987467,50.785859719012535
389.97,437.41195017715427,-47.44195017715424
31.744,-25.65904640607505,57.40304640607505
18.84,100.97653082993452,-82.13653082993451
435.168,373.75564005430715,61.412359945692856
205.176,265.76690441261394,-60.59090441261395
9.024,111.46776550193158,-102.44376550193158
33.82,-23.469198123641263,57.28919812364126
32.67,2.2889795684238834,30.38102043157612
4297.644,959.6763852180908,3337.9676147819096
271.984,396.238307949777,-124.254307949777
1319.96,1307.4669278479894,12.493072152010654
389.97,453.8855020421554,-63.91550204215537
118.25,157.84991981583244,-39.599919815832436
259.896,349.8721582735941,-89.97615827359408
21.552,107.74122952318066,-86.18922952318067
4476.8,3967.6348856727395,509.16511432726065
315.776,384.2250257784633,-68.4490257784633
13.71,113.0835440991666,-99.3735440991666
23.36,-90.01149425261428,113.37149425261428
2549.985,616.6103643643067,1933.3746356356933
27.93,1.0941398868505985,26.8358601131494
6.63,-27.700475258642427,34.33047525864243
96.08,78.11683333681913,17.96316666318087
25.08,134.39167908001446,-109.31167908001446
25.92,136.5635171890749,-110.6435171890749
844.116,594.3520863143609,249.76391368563907
57.23,61.72701206496458,-4.497012064964586
85.14,63.49037593394087,21.649624066059133
9.82,-86.63277387787457,96.45277387787456
178.11,187.9529758648116,-9.842975864811592
195.68,194.25046363741012,1.4295363625898858
658.746,757.6798366101656,-98.9338366101656
155.372,185.94386342960206,-30.571863429602047
347.58,367.36166060673963,-19.78166060673965
92.52,175.91665634728042,-83.39665634728043
398.4,369.5927021696157,28.8072978303843
9.728,-60.88189450935488,70.60989450935487
5.232,-118.43213142277978,123.66413142277977
128.34,204.44590357640436,-76.10590357640436
23.136,130.98752113255773,-107.85152113255774
251.006,334.02201655299837,-83.01601655299837
17.46,-60.796961123718575,78.25696112371858
74.95,127.81526493318052,-52.86526493318051
5.08,-122.50111362707457,127.58111362707457
1325.85,1046.8482384644196,279.0017615355803
38.29,184.2585528558418,-145.9685528558418
715.2,832.0141445955918,-116.81414459559176
29.46,150.97848603739567,-121.51848603739566
19.3,-53.20828427751235,72.50828427751235
105.584,96.40574720188783,9.178252798112169
36.56,97.8982622944743,-61.338262294474305
569.568,892.9224758704519,-323.3544758704519
222.384,300.8653398062038,-78.4813398062038
236.528,314.5248752413147,-77.99687524131471
5.588,28.289531879019705,-22.701531879019704
25.3,79.81609270006311,-54.51609270006311
1085.42,796.7863046744155,288.63369532558454
6.0,-84.72458908416615,90.72458908416615
20.232,265.6169271728736,-245.3849271728736
31.5,344.5232675740633,-313.0232675740633
1747.25,1485.302879600995,261.9471203990049
17.28,128.9744752866302,-111.6944752866302
39.072,161.7883895114162,-122.7163895114162
17.94,-19.16707022891478,37.10707022891478
490.32,518.2897805778931,-27.96978057789312
22.74,-20.635358353795482,43.37535835379548
166.84,201.8929822336138,-35.05298223361379
19.68,143.28669151047484,-123.60669151047483
29.76,82.10891612433238,-52.348916124332376
200.064,206.7985495890348,-6.734549589034799
1471.96,1224.0618369068993,247.89816309310072
52.776,30.754532278713214,22.02146772128679
35.88,147.14318032823826,-111.26318032823826
359.88,381.6103334556901,-21.73033345569013
33.28,50.543896512371475,-17.263896512371474
76.12,46.651576846303215,29.46842315369679
387.136,356.61004563378015,30.525954366219878
12.22,-104.79925418963376,117.01925418963376
251.944,321.9147660417177,-69.97076604171772
487.96,778.4818586088676,-290.5218586088676
94.68,319.5933327073849,-224.91333270738488
1706.184,952.5128043566795,753.6711956433205
664.146,532.9942085409118,131.15179145908814
4007.84,1678.5503805044782,2329.289619495522
19.68,135.6152116289445,-115.9352116289445
2.896,-140.4474379064684,143.34343790646838
53.34,30.254876919812205,23.0851230801878
21.38,144.5646462473976,-123.18464624739761
486.368,445.5238159640262,40.8441840359738
8.56,-79.97846409046542,88.53846409046542
20.368,-71.87892106232948,92.24692106232948
43.13,7.780711980449496,35.34928801955051
1016.792,3403.8794390095027,-2387.0874390095028
86.97,77.53424077404725,9.43575922595275
915.136,825.2801454346034,89.85585456539661
35.98,-19.307570175323917,55.287570175323914
6.7,-115.9357434285721,122.6357434285721
88.074,229.83658352838188,-141.76258352838187
40.7,103.47794981978677,-62.77794981978677
49.5,99.07551043102285,-49.57551043102285
3.008,-74.95390041207543,77.96190041207542
67.84,175.21064998299175,-107.37064998299175
152.991,139.32334640870545,13.667653591294567
109.8,339.5499427382724,-229.7499427382724
35.88,132.3011941284867,-96.42119412848672
5.936,236.68269262461877,-230.74669262461876
22.72,33.493930529060435,-10.773930529060436
6.48,-122.57710056934229,129.05710056934228
10.9,69.71145384975898,-58.81145384975898
146.45,176.36877621736903,-29.918776217369043
450.0,426.0894938755607,23.91050612443928
213.216,210.41732973643684,2.7986702635631673
481.32,461.61720868636166,19.70279131363833
31.68,54.331839434674976,-22.651839434674976
323.37,366.20626610603586,-42.83626610603585
65.94,59.934480179810635,6.005519820189363
32.4,93.24970811468916,-60.84970811468916
12.672,-20.67214920552783,33.34414920552783
90.8,271.62193841856447,-180.82193841856446
118.25,166.53553442078692,-48.28553442078692
25.35,4.337922656320188,21.012077343679813
39.96,-10.22900047256826,50.18900047256826
815.292,490.8733094759144,324.4186905240856
60.416,32.8592251433472,27.556774856652794
87.36,174.61316151425922,-87.25316151425922
287.91,313.54510095705973,-25.635100957059706
63.9,112.484941383678,-48.58494138367801
479.95,427.57274640014,52.37725359986001
25.92,289.0843970818087,-263.16439708180866
13.984,-69.75823555345232,83.74223555345232
42.6,11.464053501381613,31.135946498618388
69.456,31.84140722235429,37.61459277764571
57.75,123.02595162813395,-65.27595162813395
160.776,154.23068836292782,6.545311637072189
230.28,241.61086934742593,-11.330869347425931
53.088,252.42579016863374,-199.33779016863375
83.984,59.62090671455849,24.363093285441508
5.184,-40.55274940789104,45.73674940789104
4.896,1.8340165726883697,3.06198342731163
39.68,-24.844738136568367,64.52473813656837
849.95,771.4436273456646,78.50637265433545
1247.64,1493.67467111899,-246.03467111899
87.168,75.59911129729949,11.56888870270052
132.224,138.76449760549053,-6.540497605490543
58.34,3.6875293061114007,54.6524706938886
518.272,422.3657117584389,95.90628824156113
8.28,-71.95357875194941,80.23357875194941
13.872,128.1035041447867,-114.23150414478671
46.672,-20.73146874932945,67.40346874932945
4.464,-123.89406873280154,128.35806873280154
34.5,-5.293656082666985,39.793656082666985
156.512,154.4675452003455,2.0444547996544884
73.176,205.66934458097376,-132.49334458097377
18.0,-81.90113117602414,99.90113117602414
217.44,274.3941611728719,-56.95416117287192
51.75,33.82566720324053,17.924332796759472
544.38,619.0252816631661,-74.64528166316609
76.864,39.376429065330285,37.48757093466972
41.37,15.285899065572494,26.084100934427504
479.952,417.79998005818425,62.15201994181575
26.046,55.37131556372333,-29.32531556372333
21.98,192.89643105145092,-170.91643105145093
13.216,33.855948351677625,-20.639948351677624
45.696,23.835063640892713,21.860936359107285
44.416,4.41524438093893,40.00075561906107
505.32,546.75770787178,-41.43770787177999
12.462,35.71144578553776,-23.249445785537763
1.728,-144.66217700081506,146.39017700081507
796.425,397.8958801626479,398.529119837352
198.744,192.40888878070996,6.335111219290042
214.95,192.06421478044786,22.885785219552133
5.682,-78.19809882857248,83.88009882857249
105.98,107.19001230472009,-1.210012304720081
1012.68,1206.7689370967303,-194.08893709673032
10.86,-43.35519840033862,54.21519840033862
12.9,-74.66157879271509,87.5615787927151
465.16,725.31501883258,-260.15501883257997
35.89,-8.201966148272277,44.09196614827228
63.92,24.653247874935914,39.26675212506409
21.0,-14.29126394945365,35.29126394945365
217.584,276.2494413820093,-58.665441382009305
1261.33,886.0791005964228,375.25089940357714
409.272,603.7491472723009,-194.4771472723009
24.7,120.13275600576299,-95.43275600576298
15.488,33.23775126940791,-17.74975126940791
14.272,242.26094006508174,-227.98894006508175
54.92,109.68766747436666,-54.76766747436666
34.37,182.01592284866206,-147.64592284866205
181.797,468.4855497803676,-286.68854978036757
158.13,171.39593856377292,-13.26593856377292
25.92,35.19525002740966,-9.275250027409655
254.97,278.3767101996955,-23.406710199695482
50.22,14.597871398266534,35.622128601733465
4.984,-50.85736823427101,55.84136823427101
33.48,-14.569977117785584,48.04997711778558
108.576,92.78031059366276,15.795689406337232
6.48,-128.92277017128094,135.40277017128093
213.48,222.5177346829928,-9.037734682992806
35.34,-26.580337739527522,61.920337739527525
17.456,-63.441791349961704,80.89779134996171
2.907,9.064128249152873,-6.157128249152873
19.44,-27.029277288086178,46.469277288086175
6.672,-118.49650810786079,125.16850810786079
77.952,61.49772714027995,16.45427285972005
11.52,28.105356588652057,-16.585356588652058
6.672,-32.14405897549659,38.81605897549659
762.594,465.50933661008,297.08466338992
15.42,-66.50057012404136,81.92057012404136
11.648,-59.022825912064945,70.67082591206494
290.98,878.1339017393924,-587.1539017393924
74.352,55.89924622723038,18.452753772769626
10.368,-60.336977290531195,70.70497729053119
8.72,21.28426078053417,-12.564260780534168
170.88,171.8238188315886,-0.9438188315886009
3.96,-77.1357529225445,81.09575292254449
904.9,766.1709667695453,138.72903323045466
8.56,-84.70043572719965,93.26043572719965
626.1,519.5770923914762,106.52290760852384
517.9,827.5196805922683,-309.6196805922683
5.56,-63.24852825376411,68.80852825376411
3.768,-54.82231296974146,58.59031296974146
39.879,226.13808051678893,-186.25908051678894
220.064,224.05774756149458,-3.9937475614945868
35.88,141.90680224458492,-106.02680224458493
88.02,77.18890026751774,10.831099732482258
25.128,23.985493224615084,1.1425067753849163
1399.98,2480.9562753118835,-1080.9762753118835
9.248,-83.7908334907022,93.0388334907022
5.388,45.27979436230953,-39.89179436230953
1363.96,1018.9007617264404,345.0592382735597
10.89,-109.3820942321563,120.2720942321563
88.776,72.83625472946505,15.939745270534942
6.286,248.85718069757377,-242.57118069757377
3.528,-124.43239728877302,127.96039728877302
72.704,87.7914237104601,-15.0874237104601
3930.072,4112.085354182241,-182.01335418224062
161.82,358.1379985806759,-196.31799858067592
933.262,660.8578061690072,272.40419383099277
344.22,482.8023900358505,-138.5823900358505
13.9,79.20943283037445,-65.30943283037445
204.95,230.17035994748767,-25.22035994748768
62.85,43.36656348440806,19.48343651559194
42.208,-7.00680152498694,49.21480152498694
51.756,48.35988123599395,3.3961187640060473
11.952,-29.263045671065584,41.21504567106558
3.564,34.164483986587584,-30.600483986587584
4355.168,4180.3053950649555,174.86260493504415
718.116,515.83850942103,202.27749057896995
1673.184,909.0236371426288,764.1603628573712
589.41,470.0511967650982,119.35880323490176
29.22,-9.528391135243737,38.748391135243736
11.688,-15.055134343586587,26.74313434358659
67.04,87.40717713805816,-20.367177138058153
17.45,69.58986848498262,-52.139868484982614
196.776,197.772020143183,-0.9960201431829887
11.34,-49.22090107174472,60.56090107174472
254.9745,259.0204383486134,-4.045938348613419
18.84,-13.554150929449179,32.39415092944918
15.232,31.49011263549255,-16.25811263549255
395.0,347.3760025095846,47.62399749041538
4.928,43.65154532028396,-38.72354532028396
124.95,167.19573500108413,-42.24573500108413
159.98,208.23495483848205,-48.254954838482064
34.248,10.18996081802652,24.058039181973477
2.088,-125.29685638985552,127.38485638985551
110.96,107.70788146197378,3.2521185380262096
2.934,49.20646054758163,-46.27246054758163
9.84,-26.448321738789673,36.288321738789676
52.56,31.911999491950837,20.648000508049165
271.764,394.9840364538795,-123.22003645387952
54.384,2.0716622722593456,52.312337727740655
2.064,-129.1823584723029,131.2463584723029
27.18,-0.10348631770830252,27.283486317708302
384.768,542.6438222101408,-157.87582221014083
13.392,-48.20653987830383,61.598539878303825
222.384,294.92810861359067,-72.54410861359068
16.176,-11.74956347970192,27.925563479701918
523.92,435.7677637082513,88.15223629174864
18.75,75.5240939713226,-56.7740939713226
6.816,-4.399277865880322,11.21527786588032
51.465,131.4133965032986,-79.9483965032986
93.06,183.057566483727,-89.99756648372698
45.528,11.423756071664002,34.104243928336
59.98,20.199593339392095,39.7804066606079
184.752,190.92554580245042,-6.1735458024504055
2.628,-50.25827934826111,52.88627934826111
195.136,189.10309834096347,6.032901659036526
6.608,-95.75582446116732,102.36382446116733
12.672,249.06657913447316,-236.39457913447316
38.88,137.38207576597915,-98.50207576597916
19.83,-66.49636994281263,86.32636994281263
323.136,310.94324395892636,12.192756041073665
478.24,489.3149817383131,-11.074981738313113
27.24,85.0981319568632,-57.858131956863204
99.488,85.17925788538832,14.308742114611675
40.712,210.90473688343832,-170.19273688343833
681.408,663.4680983869921,17.93990161300792
431.16,400.62629885663046,30.53370114336957
887.271,956.5971550975904,-69.32615509759046
25.92,25.567343162201496,0.35265683779850576
47.992,6.308048060689771,41.68395193931023
341.96,512.648520831607,-170.68852083160704
340.92,355.7100827991019,-14.790082799101867
239.97,260.2713845627936,-20.30138456279363
185.88,248.41890543261638,-62.53890543261639
9.87,-34.34652138913657,44.21652138913657
8.88,151.00671307336802,-142.12671307336802
32.4,88.16140556706546,-55.76140556706546
48.896,-0.30939476804655897,49.20539476804656
539.97,620.6960569591698,-80.7260569591698
629.1,567.5493808781489,61.55061912185113
36.96,190.8337909608481,-153.87379096084808
114.2,161.98604863869514,-47.786048638695135
127.95,121.82211576486611,6.127884235133891
55.008,34.09902830368037,20.908971696319632
359.32,322.30373856732353,37.01626143267646
185.376,234.21145657222974,-48.83545657222973
24.56,-84.50492192939714,109.06492192939714
53.9,96.75562520261451,-42.85562520261451
198.272,321.2421821235646,-122.9701821235646
22.66,-48.43804968859922,71.09804968859922
28.4,97.17607134800346,-68.77607134800346
46.864,4.883628011757764,41.98037198824223
54.5,122.52140246846625,-68.02140246846625
67.176,50.40712366986577,16.768876330134233
89.97,60.93284671832316,29.037153281676837
344.91,354.20093478806257,-9.290934788062543
66.69,56.613008385933654,10.076991614066344
152.94,141.86076786303943,11.07923213696057
748.752,515.0650947067129,233.68690529328705
13.632,27.564898021526005,-13.932898021526006
46.344,25.82188114036694,20.52211885963306
11.36,-115.67570543264492,127.03570543264492
16.464,182.49712431675812,-166.03312431675812
742.336,574.3661948000974,167.96980519990257
113.79,98.67050676424583,15.119493235754177
20.544,125.41730165388299,-104.87330165388299
107.44,387.89173331177676,-280.45173331177676
2.672,-118.94858030563842,121.62058030563841
8.64,-26.025852838679157,34.66585283867916
87.8,97.40983850531211,-9.609838505312112
62.91,44.116866745648394,18.793133254351602
52.4,105.68440978817625,-53.284409788176255
883.92,640.0887157379209,243.83128426207907
6354.95,5478.2400986049515,876.7099013950483
43.7,92.56352862385734,-48.863528623857334
8.952,-30.44566833108115,39.39766833108115
13.98,-88.22697626292097,102.20697626292097
9.408,197.56815653861827,-188.16015653861828
7.96,-83.2630519966292,91.2230519966292
319.968,312.51643664432686,7.451563355673159
9.26,-71.54102035045003,80.80102035045003
6.24,-25.130564273047412,31.370564273047414
91.92,107.47219491969395,-15.552194919693946
26.88,148.37121260438494,-121.49121260438494
33.568,282.8376349637347,-249.2696349637347
479.97,582.8344316113674,-102.86443161136742
24.448,28.46975928787174,-4.021759287871738
68.46,205.88707198878546,-137.42707198878549
78.759,328.7655198574039,-250.00651985740387
334.768,381.63395325426495,-46.86595325426498
400.784,1219.3872322782786,-818.6032322782786
281.34,321.2668366956909,-39.92683669569095
239.976,247.83632190541698,-7.860321905416981
764.688,588.9808261445282,175.70717385547175
20.88,-60.593853755465716,81.47385375546571
18.528,-47.70500121604505,66.23300121604504
12.96,-75.49862531416443,88.45862531416444
19.92,89.54332301357135,-69.62332301357135
158.376,166.81862094744247,-8.442620947442464
228.92,231.99119378381624,-3.0711937838162555
3406.664,1725.2005111180174,1681.4634888819828
45.98,2.005215176047386,43.97478482395261
20.736,29.11388697985103,-8.37788697985103
10.984,-33.34411855638973,44.32811855638973
23.68,-46.26979111951778,69.94979111951778
152.65,185.49811166904124,-32.84811166904123
450.04,699.0409772640821,-249.0009772640821
151.72,155.29796928255791,-3.577969282557916
251.52,282.9279453761735,-31.4079453761735
1919.976,2193.7739474137798,-273.79794741377964
33.568,-35.507915965303255,69.07591596530325
887.271,955.192525724767,-67.9215257247671
4.752,-142.7464376967796,147.4984376967796
80.991,146.65668521748898,-65.66568521748898
20.23,192.22459683358807,-171.99459683358808
17.088,26.493574010321026,-9.405574010321025
72.294,128.71488035028415,-56.42088035028415
5.328,-47.04284469210302,52.37084469210302
1.869,-97.46876754045502,99.33776754045502
56.3,9.043618965048609,47.25638103495139
1117.92,986.01829697436,131.90170302564002
717.72,790.7159967310199,-72.99599673101989
104.9,156.36820875782405,-51.468208757824044
21.4,76.33355436167926,-54.93355436167926
16.784,-68.97705462365161,85.7610546236516
710.832,741.6874222499166,-30.855422249916614
99.68,154.79753540157026,-55.11753540157025
47.992,18.953441068009397,29.0385589319906
241.44,251.76021313002002,-10.320213130020022
30.87,196.8435813831843,-165.9735813831843
121.78,118.13108600067449,3.648913999325515
40.3,-15.861833400860178,56.161833400860175
7.184,-101.57058874952986,108.75458874952986
34.44,-2.590284053942014,37.03028405394201
376.509,396.41692742795817,-19.907927427958157
69.9,20.20312895274901,49.696871047250994
77.952,64.88092427373749,13.071075726262507
11.376,11.518240151306827,-0.14224015130682766
419.9,414.8569596253981,5.043040374601901
16.56,2.1645331485858605,14.395466851414138
3.38,-133.50845151102772,136.8884515110277
249.75,388.5226699827572,-138.77266998275718
40.05,11.921873852999624,28.128126147000373
557.728,491.23824891081085,66.4897510891891
1004.024,629.649305319346,374.374694680654
1454.49,953.295741003692,501.194258996308
24.32,230.94047729609724,-206.62047729609725
18.9,-24.1818154894072,43.0818154894072
88.776,68.10896654000726,20.667033459992737
1044.63,685.5425218656031,359.087478134397
18.688,-102.31345640439349,121.0014564043935
32.368,190.2952242485194,-157.9272242485194
328.59,312.0682677547493,16.52173224525069
307.92,275.1923874488091,32.72761255119093
343.2,1030.2165000729728,-687.0165000729728
72.744,223.3954295172623,-150.6514295172623
9.64,-91.5671545318653,101.2071545318653
24.2,73.13083163285683,-48.93083163285682
32.088,196.69243659822996,-164.60443659822997
338.04,348.0403289642138,-10.000328964213793
25.02,-6.841906105630187,31.861906105630187
60.35,121.01558038583244,-60.665580385832435
1606.23,1047.6281244758616,558.6018755241384
82.656,325.67855794531783,-243.02255794531783
135.95,332.3224689828746,-196.37246898287464
14.82,-23.999597516230324,38.819597516230324
73.2,123.16283897045719,-49.962838970457184
11.672,-96.27916484625985,107.95116484625984
398.352,446.47379108358814,-48.121791083588164
269.982,291.23191172097086,-21.24991172097083
842.352,932.5734931131219,-90.22149311312194
142.182,348.96677337314236,-206.78477337314237
6.12,-37.92923298409505,44.04923298409505
54.816,20.966582413456763,33.84941758654324
98.16,174.19789874316257,-76.03789874316257
4912.59,5543.924404674955,-631.3344046749553
18.24,-7.997581385310696,26.237581385310694
371.97,401.5585443983789,-29.588544398378872
13.904,-50.49341570226943,64.39741570226943
55.104,166.6591398795499,-111.55513987954991
629.184,569.6629243591834,59.52107564081655
55.168,80.87034087425877,-25.702340874258773
55.48,38.04091143395931,17.439088566040688
23.832,10.178191492612768,13.653808507387232
300.904,876.0326146702065,-575.1286146702065
3.168,56.15812043774781,-52.99012043774781
123.92,142.00147184009552,-18.081471840095517
7.23,112.17711491650084,-104.94711491650084
9.24,-33.58856964126858,42.82856964126858
6.99,-22.261996307858226,29.251996307858228
52.096,57.280971087079934,-5.184971087079937
11.76,33.01577950119463,-21.25577950119463
3.984,-114.60427901475646,118.58827901475645
13.92,-28.420302875904554,42.340302875904555
14.576,-59.320426101745625,73.89642610174562
68.541,414.5513539831047,-346.0103539831047
449.97,538.5234197414433,-88.55341974144324
155.372,190.1686972811167,-34.79669728111668
30.93,-45.140232342188256,76.07023234218826
125.93,247.45683244013162,-121.52683244013161
47.808,455.6509105009186,-407.8429105009186
195.64,185.80696007792426,9.833039922075727
9.99,-108.95349039082885,118.94349039082884
14.9,99.04429341622995,-84.14429341622994
303.25,302.0351112357537,1.214888764246325
6.048,210.0405475479788,-203.9925475479788
35.88,145.21402076715754,-109.33402076715754
32.232,13.637586463756179,18.59441353624382
582.336,465.0096396734468,117.32636032655319
18.288,134.70481033881128,-116.41681033881129
19.52,-42.39293384568805,61.912933845688045
69.99,97.75544710063718,-27.76544710063719
103.12,285.6201767232328,-182.5001767232328
1.98,-80.99668130493183,82.97668130493183
21.312,113.09683262573253,-91.78483262573253
17.48,-63.438636701016094,80.9186367010161
318.43,282.0516526623428,36.3783473376572
251.964,274.1931551428356,-22.229155142835623
26.16,13.580461173655067,12.579538826344933
6.368,-49.22408514791414,55.59208514791414
306.9,336.2447194045178,-29.344719404517832
146.82,145.8659304256662,0.9540695743338006
15.712,28.55461694325254,-12.84261694325254
281.372,394.41053709099197,-113.03853709099195
40.99,-3.818046854793465,44.80804685479347
10.48,-93.39421397994238,103.87421397994238
47.984,-17.808660479118316,65.79266047911833
12.96,-69.40179433227377,82.36179433227377
36.744,22.34950735234611,14.394492647653891
1295.78,2198.5048859850294,-902.7248859850295
87.71,229.25648271847353,-141.54648271847356
38.04,-28.998699219027003,67.038699219027
24.9,82.24570714727815,-57.345707147278155
40.48,-15.868998426746884,56.34899842674688
191.6,199.73683909045553,-8.136839090455538
17.48,42.35600663212608,-24.87600663212608
97.184,81.34330074494437,15.840699255055625
29.24,84.04431611412838,-54.80431611412838
4663.736,2059.5393786633995,2604.1966213366004
12.294,-62.42528050389751,74.71928050389751
3.15,-131.32660224558686,134.47660224558686
818.376,908.2213130521458,-89.8453130521458
5.904,-83.43663907193263,89.34063907193263
11.52,106.59817224284552,-95.07817224284553
293.52,322.24732304449753,-28.727323044497552
91.6,150.03453424919962,-58.43453424919963
14.94,-62.280259637122754,77.22025963712275
23.88,-8.32510606857727,32.205106068577265
40.968,23.30979757585328,17.658202424146722
29.403,-5.6248024343356064,35.027802434335605
8.134,247.98362791176191,-239.8496279117619
23.968,191.09236676237697,-167.12436676237698
15.712,25.227889422025783,-9.515889422025783
99.98,74.41267999284628,25.567320007153725
487.92,442.4073941514489,45.51260584855112
227.136,223.6677295749173,3.468270425082693
222.352,577.3199979385172,-354.9679979385172
40.67,205.64528641247898,-164.97528641247897
9.584,-112.47516244661983,122.05916244661984
29.718,176.4867189755655,-146.76871897556552
841.568,1420.303627969547,-578.7356279695471
29.61,287.89232891366714,-258.28232891366713
75.792,61.37152342420245,14.42047657579755
45.36,197.13568704521003,-151.77568704521002
27.42,-1.5185909602910215,28.938590960291023
4.338,9.488299858169967,-5.150299858169967
12.07,-98.2393600731391,110.30936007313909
102.93,90.76688413476131,12.163115865238694
9.588,-43.330918236857315,52.918918236857316
20.72,-51.53149864973898,72.25149864973898
653.55,753.3149408457459,-99.76494084574597
9.99,-109.97037943376631,119.9603794337663
5.04,-78.93963428100574,83.97963428100574
14.376,-12.590547591762743,26.96654759176274
11.648,-62.43148662535259,74.07948662535259
107.97,92.95158381981969,15.01841618018031
264.32,371.2304548663592,-106.9104548663592
272.94,285.6405905771278,-12.700590577127798
14.56,-71.01460407065815,85.57460407065815
10.8,76.02935288339063,-65.22935288339063
239.976,253.3515646446108,-13.37556464461079
24.18,-45.32523273602101,69.50523273602101
29.52,25.68518870789876,3.8348112921012394
9099.93,5405.97167516387,3693.9583248361305
377.928,457.23082284048564,-79.30282284048565
19.44,-19.886247742785372,39.32624774278537
5.34,-76.09315084360696,81.43315084360697
101.994,96.29248896682816,5.70151103317184
17.12,84.68238686281097,-67.56238686281097
26.16,-7.839097989432048,33.999097989432045
2.688,93.06732317655838,-90.37932317655837
105.584,103.38034023769319,2.2036597623068133
47.3,-6.127683528515263,53.42768352851526
17.94,-9.261561695017463,27.201561695017464
1592.85,1069.008690183991,523.841309816009
34.272,6.6301006456933465,27.641899354306652
56.07,200.67192414607234,-144.60192414607235
264.32,375.3217175455236,-111.0017175455236
64.944,53.641711980141054,11.302288019858949
62.18,74.62475588021925,-12.444755880219255
38.08,131.3849357496665,-93.30493574966651
17.22,-13.802429532733413,31.022429532733412
63.824,9.556665524724394,54.267334475275604
51.94,47.31899096439906,4.621009035600935
12.448,-54.096437723303325,66.54443772330333
772.47,885.5101525962131,-113.04015259621303
271.44,302.50676303528735,-31.06676303528735
34.02,7.872035041769095,26.147964958230908
24.896,12.406599761178768,12.489400238821233
13.44,-33.37052804585369,46.81052804585369
24.75,96.08225271273068,-71.33225271273068
21.4,78.5967180858695,-57.1967180858695
66.688,92.95392993972405,-26.265929939724046
99.846,329.3870570857887,-229.54105708578868
159.84,397.55950488466783,-237.71950488466783
7.3,-81.82496819755556,89.12496819755556
90.06,180.8064106217123,-90.7464106217123
45.04,0.40827644202272495,44.631723557977274
8.544,-75.4238080410064,83.96780804100639
2625.12,1603.396773624688,1021.7232263753119
12.96,-64.39731709114199,77.357317091142
71.6,273.680521120692,-202.080521120692
270.34,627.6406976185725,-357.30069761857254
10.784,-100.89139589565934,111.67539589565935
25.5,-4.162544957384171,29.66254495738417
110.352,95.630386739208,14.721613260791997
148.48,177.0133886499625,-28.533388649962518
191.646,199.44558416299697,-7.799584162996979
436.704,355.8160522921289,80.88794770787109
9.94,-70.63578052343496,80.57578052343496
13.9,74.26890823291023,-60.368908232910236
17.48,-64.5034076269933,81.9834076269933
1040.8,877.1172904516873,163.6827095483127
24.368,-28.502726107163653,52.87072610716365
5.64,-45.55187402179831,51.19187402179831
201.584,260.89810774322063,-59.31410774322063
32.36,35.75215553078715,-3.39215553078715
203.92,220.4128860104115,-16.492886010411524
686.32,1146.644727729028,-460.32472772902804
723.92,545.3558578953772,178.56414210462276
16.704,151.7838315408046,-135.0798315408046
23.56,81.58402214567013,-58.02402214567013
18.84,-21.210162118009066,40.05016211800907
9.78,-153.12974001872863,162.90974001872863
480.74,731.2424655871406,-250.5024655871406
34.176,93.14394256926107,-58.96794256926107
186.54,198.28766720224166,-11.747667202241672
966.7,732.2446600684503,234.4553399315497
445.44,394.84006913276266,50.59993086723733
4.086,-50.34282278020896,54.42882278020896
104.28,90.14365789947442,14.136342100525582
18.24,-14.489543857846456,32.72954385784645
175.92,205.33876604810166,-29.418766048101674
15.28,-68.40520794920599,83.68520794920599
61.96,95.94798358622302,-33.98798358622302
62.048,29.69844157913667,32.34955842086333
1801.632,1029.4996371117313,772.1323628882687
19.36,-60.854502802496654,80.21450280249665
265.17,772.4520819755652,-507.2820819755652
27.72,279.8704592899103,-252.1504592899103
236.88,290.1446329870855,-53.26463298708552
15.47,174.76542212683148,-159.29542212683148
122.352,110.15081897351479,12.201181026485216
22.72,37.440469873780785,-14.720469873780786
197.97,207.0368367207202,-9.066836720720204
31.84,240.7718357427757,-208.9318357427757
6.9,-102.50386364368023,109.40386364368024
14.76,-57.4609510437499,72.2209510437499
34.8,17.036922958858668,17.76307704114133
845.728,745.9507132133809,99.77728678661902
27.216,0.878168332667201,26.3378316673328
10.368,-67.17646519255891,77.5444651925589
116.784,113.58672300237185,3.197276997628151
19.776,64.2287749725549,-44.452774972554906
3.798,31.543305657829706,-27.745305657829704
302.376,325.01475737946316,-22.638757379463186
19.98,-84.79532808359068,104.77532808359068
7.61,-121.5599367820787,129.1699367820787
325.632,319.1760078273346,6.45599217266539
50.04,148.6619058468982,-98.62190584689822
102.368,97.11052785484162,5.257472145158374
659.97,782.1197388140699,-122.1497388140699
20.736,43.6871102494772,-22.9511102494772
23.616,234.73656079186298,-211.120560791863
36.4,96.28572277938656,-59.88572277938656
49.76,74.21175049955627,-24.451750499556276
2715.93,1946.1666054449468,769.7633945550531
74.76,49.69360426651201,25.066395733487994
542.646,607.6067309273334,-64.96073092733343
28.752,-27.16275487468215,55.914754874682146
479.984,748.947729114944,-268.963729114944
104.784,223.38773004282416,-118.60373004282415
192.72,460.27209071284324,-267.5520907128432
63.98,215.71761317782648,-151.7376131778265
218.352,207.46006584933116,10.891934150668845
2.48,-138.6642032791906,141.14420327919058
17.61,-17.846804637170635,35.456804637170634
185.376,227.91873517084218,-42.54273517084218
16.34,-62.769782069829034,79.10978206982904
629.95,552.2034130332123,77.74658696678773
3.762,9.761772106389344,-5.999772106389344
457.568,713.0986876393733,-255.53068763937335
176.772,114.1338857328999,62.63811426710009
35.04,-14.4705077283827,49.5105077283827
31.05,11.461401606019535,19.588598393980465
7.16,-84.66424147908174,91.82424147908173
1090.782,618.5944864903954,472.1875135096045
14.94,-23.313184347067818,38.253184347067815
31.96,-35.484821073447165,67.44482107344717
131.136,137.37500967142842,-6.23900967142842
264.18,328.09273943189555,-63.912739431895545
34.384,-18.69885988296437,53.08285988296437
44.46,-18.230900390452007,62.69090039045201
50.12,49.23208240463464,0.8879175953653586
44.67,3.748345475913993,40.92165452408601
177.2,205.9826725581886,-28.782672558188608
3.36,-84.74378169173087,88.10378169173087
75.84,45.60930729751931,30.230692702480695
1704.56,1123.214061961177,581.3459380388229
71.88,40.174740305940986,31.70525969405901
299.97,323.7102667246402,-23.74026672464015
30.0,-36.02492958657126,66.02492958657126
46.2,102.02223786170066,-55.82223786170066
46.672,-14.452538362166933,61.12453836216693
21.392,37.85915782895495,-16.46715782895495
8.96,-82.08087215551632,91.04087215551633
87.92,97.07761941260492,-9.157619412604916
7.312,-63.39552182826833,70.70752182826833
87.4,135.4625923560509,-48.062592356050885
12.39,-20.141979263034045,32.531979263034046
11.07,-36.99278217045844,48.06278217045844
37.392,14.292209530756509,23.099790469243494
13.9,79.22498105640148,-65.32498105640147
114.2,166.8257299498398,-52.625729949839794
833.94,673.3746173312265,160.5653826687735
438.368,402.93832097704694,35.42967902295305
9.324,238.16587382936427,-228.84187382936426
95.984,67.44604986199738,28.537950138002614
27.96,89.7198569900545,-61.759856990054494
158.28,227.81844075241543,-69.53844075241543
37.056,3.716043942817123,33.339956057182874
14.4,72.18320856532455,-57.78320856532455
52.68,34.98352124539906,17.69647875460094
312.552,425.9748989306895,-113.42289893068948
40.48,-10.856045558282858,51.336045558282855
143.7,135.4467328881101,8.253267111889897
32.4,94.04473954576201,-61.644739545762015
19.68,130.6635958162101,-110.98359581621008
24.672,-50.95234464051873,75.62434464051873
5.984,-87.64248327797941,93.6264832779794
68.472,48.655030589432045,19.81696941056795
79.92,360.31248443685877,-280.39248443685875
31.12,20.571872148897,10.548127851103
333.576,348.04773774583896,-14.471737745838936
319.76,663.373041802283,-343.61304180228296
40.0,-5.453617212150903,45.4536172121509
42.76,-11.645497244111766,54.405497244111764
166.72,216.19956833548486,-49.479568335484856
31.44,-2.275165838048906,33.715165838048904
31.4,85.38555023352137,-53.98555023352137
16.4,68.0053910719455,-51.6053910719455
371.976,422.44487869480804,-50.46887869480804
715.64,1182.801666209753,-467.161666209753
20.8,-53.704609803983885,74.50460980398388
231.72,302.46105526502333,-70.74105526502333
454.272,405.26167135424294,49.010328645757056
8.64,-29.207270205704845,37.847270205704845
11.52,17.58200351151072,-6.062003511510721
11.568,-22.402899364465384,33.97089936446538
101.96,90.49729982836197,11.46270017163802
2453.43,1605.9703006938346,847.4596993061652
254.744,244.10997310421044,10.63402689578956
19.6,93.62150923302829,-74.0215092330283
14.352,-29.934292231718246,44.28629223171825
493.92,423.48382918498646,70.43617081501355
7.312,-118.38583743908407,125.69783743908407
200.984,289.9807431108243,-88.99674311082427
3.44,-70.79099658438076,74.23099658438076
180.96,199.3362555223889,-18.376255522388902
206.1,233.6363125409439,-27.536312540943896
274.89,485.6549417720572,-210.76494177205723
38.88,141.03616332236243,-102.15616332236243
579.95,527.7049059129598,52.24509408704023
7.68,138.70077414983962,-131.0207741498396
99.98,99.03255326100339,0.9474467389966179
9.096,-100.29183319882327,109.38783319882327
143.73,348.6185100317914,-204.8885100317914
15.552,-17.317511858385842,32.86951185838584
107.44,283.7989880891637,-176.3589880891637
81.08,86.31361207765917,-5.233612077659174
11.67,-17.757687073565876,29.427687073565878
84.98,165.6662339794359,-80.6862339794359
195.136,199.4952436620997,-4.359243662099715
8.92,29.129558390099646,-20.209558390099644
284.364,387.16550152737796,-102.80150152737798
13.36,79.68109244601806,-66.32109244601806
46.2,70.43413927735082,-24.23413927735082
5.68,-77.47650682884318,83.15650682884319
23.68,52.195475758738894,-28.515475758738894
1.234,-55.2377429112812,56.471742911281204
89.97,60.73639039120826,29.23360960879174
113.328,344.74761430287504,-231.41961430287503
158.376,149.0535870035576,9.32241299644241
56.82,34.198076776372545,22.621923223627455
18.54,-55.23397081931853,73.77397081931852
29.6,35.28835184201489,-5.688351842014889
6.36,-50.205177157584785,56.565177157584785
17.12,-71.45070059992418,88.57070059992418
586.398,476.7839643371897,109.61403566281035
824.95,713.2690735349828,111.68092646501725
11.424,-103.00638454742193,114.43038454742194
10.86,-79.485781435028,90.345781435028
43.176,210.94933000920992,-167.77333000920993
18.368,-65.00079617150982,83.36879617150981
112.776,104.01433028383963,8.76166971616037
49.98,4.095765146842496,45.8842348531575
152.94,152.24219081309434,0.6978091869056584
181.35,363.4910546899546,-182.1410546899546
755.96,720.2972266799602,35.66277332003983
21.8,-44.99481537654651,66.79481537654651
629.95,550.4068323572923,79.54316764270777
175.23,451.20165817730935,-275.97165817730934
58.2,32.774043844512335,25.42595615548767
103.481,228.14782909240353,-124.66682909240353
435.84,593.3860125276964,-157.5460125276964
110.4,104.27888548655392,6.121114513446088
24.96,-2.394451516553545,27.354451516553546
151.192,386.439172417063,-235.24717241706298
657.93,506.8438627903573,151.08613720964263
190.848,198.36170771247293,-7.513707712472922
41.568,67.03294143214453,-25.464941432144528
314.532,430.91541600292226,-116.38341600292227
40.68,-7.498940935520295,48.178940935520295
53.316,28.703896591862076,24.612103408137926
9.82,-85.52184775171736,95.34184775171735
569.536,521.6142633474552,47.92173665254472
1421.664,598.9131055401865,822.7508944598135
3.168,46.06001316324455,-42.89201316324455
199.98,271.34463530553535,-71.36463530553536
15.48,-19.57267818892751,35.052678188927516
57.594,63.398386406947566,-5.804386406947565
627.168,564.0321571956671,63.135842804332924
11.232,-25.478790902516494,36.71079090251649
51.968,2.2960109911964537,49.67198900880355
4416.174,1723.3431754835653,2692.8308245164344
163.88,168.12981801140904,-4.249818011409047
129.45,167.92448413837087,-38.47448413837088
10.272,-22.08914977094628,32.36114977094628
20.736,28.537418763566166,-7.801418763566165
207.0,204.21880445306806,2.78119554693194
14.94,-19.069029737662504,34.0090297376625
44.82,295.19890097582834,-250.37890097582834
296.37,329.978808949787,-33.608808949786976
13.36,-81.01926510523958,94.37926510523958
821.88,667.9741484736336,153.9058515263664
7.77,-112.84250360962301,120.612503609623
34.86,197.9390958033755,-163.07909580337548
55.44,415.78110443181777,-360.34110443181777
47.584,2.4228910239196466,45.16110897608036
162.64,203.9084408370984,-41.26844083709841
371.97,403.88812818442693,-31.918128184426905
273.552,279.1674395797156,-5.6154395797155985
102.336,270.13654615591577,-167.80054615591575
43.68,142.67705615035197,-98.99705615035197
10.65,-31.28308440455521,41.93308440455521
231.98,322.1078785305624,-90.12787853056241
25.92,38.56566101540511,-12.64566101540511
225.296,304.0140946236834,-78.71809462368338
14.91,-27.406554431988525,42.31655443198852
83.56,108.25302662228933,-24.693026622289324
239.456,302.16269169511133,-62.706691695111346
46.864,8.576253227787447,38.28774677221255
1.964,-19.57164679600146,21.53564679600146
19.824,115.51554398206804,-95.69154398206804
47.9,8.290116638798281,39.60988336120172
47.18,202.52012545543244,-155.34012545543243
5.184,-119.04825630952246,124.23225630952246
4.158,213.21149365928,-209.05349365928
11.12,13.202689316761962,-2.0826893167619627
116.82,102.9836236686649,13.836376331335089
2807.84,1652.15545493329,1155.6845450667101
5.18,145.33516524123934,-140.15516524123933
333.09,355.10467759748076,-22.014677597480784
50.352,29.27736431582207,21.074635684177927
9.12,-33.46515825029337,42.58515825029337
170.072,161.1787132116517,8.893286788348291
27.92,31.14026245751893,-3.2202624575189276
14.976,128.81328559181384,-113.83728559181384
837.6,936.7654818270665,-99.16548182706651
35.216,-20.745772166963434,55.961772166963435
962.08,890.9364728488363,71.14352715116377
911.984,1501.0959177905436,-589.1119177905435
16.74,-51.43686545914056,68.17686545914056
422.058,448.82148632175654,-26.763486321756545
17.12,49.280558733649514,-32.16055873364951
302.67,339.93863882772007,-37.26863882772005
79.984,56.15265541473104,23.83134458526895
3.912,-120.54017331649243,124.45217331649243
113.82,103.85813188305383,9.961868116946164
7.8,-32.74454938712074,40.54454938712074
290.336,401.3018706945011,-110.96587069450106
22.58,-54.92688235260562,77.50688235260561
51.75,99.6674873427271,-47.9174873427271
377.97,423.4427806927447,-45.472780692744664
386.68,566.9172640700316,-180.23726407003159
236.5,432.3157919190694,-195.8157919190694
85.96,229.05738371529355,-143.09738371529357
431.928,469.57356638087344,-37.64556638087345
199.95,217.45458614471363,-17.50458614471364
50.4,252.03217785415404,-201.63217785415404
38.28,141.201601436916,-102.921601436916
247.716,254.92620922973492,-7.2102092297349145
427.42,702.0599612125583,-274.63996121255826
19.968,-33.100418110355804,53.06841811035581
4.624,-123.50907439727484,128.13307439727484
39.88,-13.788325258488612,53.668325258488615
42.784,193.8125228661563,-151.02852286615632
29.22,-13.553390683422322,42.77339068342232
49.792,260.8328140646672,-211.04081406466722
159.768,275.51768267955526,-115.74968267955526
192.16,206.84015531695195,-14.680155316951954
1537.074,866.3547077566129,670.7192922433871
3.64,-80.28512343783837,83.92512343783837
467.04,440.75758746733686,26.28241253266316
459.92,435.45399217823,24.466007821770006
15.7,66.74847287373086,-51.04847287373086
63.882,72.50275204987997,-8.620752049879975
11.96,-74.78044393403593,86.74044393403594
542.94,631.173046566802,-88.23304656680193
15.54,-24.258132278306903,39.7981322783069
54.32,67.39975781478051,-13.079757814780514
43.188,77.8515864966705,-34.663586496670504
19.98,-78.70948522510685,98.68948522510685
21.48,134.1448769575402,-112.66487695754019
492.835,418.2026128066452,74.63238719335476
181.47,145.82016945306805,35.64983054693195
3.424,-122.28778745644627,125.71178745644627
4.24,139.95875570910994,-135.71875570910993
8.85,142.45518930941785,-133.60518930941785
60.144,170.81333194053173,-110.66933194053172
69.52,44.13058493318181,25.389415066818188
160.98,425.5685796178052,-264.5885796178052
9.728,-77.30486398774678,87.03286398774678
119.616,285.7361268437794,-166.12012684377942
6.928,-43.74455488478338,50.67255488478338
23.344,-41.39655487507662,64.74055487507661
13.128,-17.367680767771162,30.495680767771162
9.664,-66.27153542342194,75.93553542342194
14.952,-30.34582686627573,45.29782686627573
241.96,335.83705769645667,-93.87705769645666
1379.92,1037.533442311611,342.3865576883891
159.8,162.45663058221157,-2.6566305822115623
79.92,134.4181754302433,-54.49817543024331
34.36,-25.762640351949813,60.12264035194981
19.936,29.176157051110977,-9.240157051110977
106.08,197.0811540414893,-91.0011540414893
10.688,-73.99043523384694,84.67843523384694
20.46,-58.73444101455016,79.19444101455016
6.12,-49.95540240352966,56.07540240352966
4.554,3.8741327479019674,0.6798672520980329
48.4,105.80048486373016,-57.40048486373016
153.552,160.05664310468205,-6.50464310468206
37.94,-19.95132571383442,57.89132571383442
34.24,42.65886564214543,-8.418865642145427
319.96,329.8064712854896,-9.8464712854896
35.92,51.65789943540699,-15.737899435406987
12.42,-13.024078736906631,25.444078736906633
15.224,31.716024309577506,-16.492024309577506
164.688,229.01395328264357,-64.32595328264358
45.584,201.65113129780048,-156.06713129780047
31.56,-6.220275565465272,37.780275565465274
6.192,-14.634557709702676,20.826557709702676
36.0,-26.32971235311743,62.32971235311743
10.16,-106.53469511859907,116.69469511859907
71.96,45.668739973651554,26.29126002634844
139.04,138.2632975978595,0.7767024021405007
62.808,54.15787091177481,8.650129088225192
67.8,341.9996712817997,-274.1996712817997
131.6,244.66525633175365,-113.06525633175366
159.56,191.70539499406073,-32.14539499406072
84.95,141.20382589702763,-56.253825897027625
21.864,-8.496705511445498,30.3607055114455
41.22,-6.159431254942319,47.37943125494232
32.4,87.61283853641135,-55.21283853641135
87.6,133.04589589148532,-45.44589589148532
1951.84,1262.8444633684287,688.9955366315712
37.056,60.107821313423756,-23.05182131342376
34.44,9.546714180771232,24.893285819228765
8.288,-79.59700673640941,87.88500673640941
62.28,85.07160778407751,-22.791607784077513
36.792,-18.791918468073163,55.583918468073165
186.048,193.89885841507476,-7.850858415074754
104.85,215.27044187894535,-110.42044187894535
339.136,312.580244468661,26.555755531339003
704.25,582.8711532614229,121.37884673857707
34.944,142.67459616333304,-107.73059616333303
6.48,-116.99005113148496,123.47005113148496
167.96,226.93026468030212,-58.97026468030211
479.984,758.1049781078283,-278.1209781078283
1119.984,1927.5049109716506,-807.5209109716507
1395.54,938.9076364288183,456.6323635711817
102.438,227.25291782900445,-124.81491782900444
128.85,117.3884854966991,11.46151450330089
342.37,375.86622786008934,-33.496227860089334
15.008,-51.145396986109745,66.15339698610974
242.352,263.2513484210733,-20.899348421073313
2.469,-80.00381746068592,82.47281746068592
27.52,44.587178605586814,-17.067178605586815
393.25,385.181645230462,8.068354769538018
20.736,41.545881397694984,-20.809881397694983
8.72,76.33880133358821,-67.61880133358821
20.88,232.06464623028774,-211.18464623028774
879.984,1496.9283027669446,-616.9443027669446
9.96,-81.09278063926763,91.05278063926764
79.1,57.43101632208618,21.668983677913815
80.96,99.09003558564518,-18.13003558564519
21.594,-22.593558815717188,44.18755881571719
55.5,22.03676866865112,33.46323133134888
12.222,243.5181688964865,-231.29616889648648
121.792,126.30701120172807,-4.515011201728072
19.44,-14.566375370589185,34.00637537058918
12.624,-93.5469163877408,106.17091638774079
12.588,42.90587718204665,-30.31787718204665
1000.02,771.7993108078855,228.2206891921145
9.96,-67.8561308171852,77.81613081718521
30.345,228.73228533729412,-198.38728533729412
979.95,818.4565480446616,161.4934519553384
21.456,247.34512239364653,-225.88912239364655
1123.128,735.2550092911457,387.8729907088542
344.372,296.4648390180364,47.907160981963614
9.82,-82.28334244572443,92.10334244572442
111.96,153.71478860700176,-41.75478860700177
180.96,235.75406577153467,-54.79406577153466
675.06,749.8296385551815,-74.76963855518159
12.6,-58.684262012068984,71.28426201206898
348.208,357.648076541587,-9.440076541586961
98.21,230.92130418541205,-132.71130418541208
46.35,106.28719171430248,-59.93719171430248
2.78,-134.71975858639257,137.49975858639257
16.68,-7.8514904174330695,24.53149041743307
479.988,756.6934724687235,-276.7054724687235
352.45,268.72693811334216,83.72306188665783
